<addon id="repository.fivesubjects" name="Fivesubjects Repository" version="0.0.1" provider-name="fivesubjects"><requires></requires><extension point="xbmc.addon.repository" name="Fivesubjects Repository"><info compressed="false">https://fivesubjects.github.io/kodirepo/addons.xml</info><checksum>https://fivesubjects.github.io/kodirepo/addons.xml.md5</checksum><datadir zip="true">https://fivesubjects.github.io/kodirepo/</datadir></extension><extension point="xbmc.addon.metadata"><platform>all</platform><summary lang="en">Fivesubjects GitHub repository</summary></extension></addon>